<?xml version="1.0" encoding="utf-8" standalone="yes"?><rss version="2.0" xmlns:atom="http://www.w3.org/2005/Atom"><channel><title>Connect Help</title><link>http://oneiota.online/test/public/</link><description>Recent content on Connect Help</description><generator>Hugo -- gohugo.io</generator><language>en-US</language><copyright>Copyright (c) 2020-2021 Henk Verlinde</copyright><lastBuildDate>Tue, 06 Oct 2020 08:47:36 +0000</lastBuildDate><atom:link href="http://oneiota.online/test/public/index.xml" rel="self" type="application/rss+xml"/><item><title>Blog</title><link>http://oneiota.online/test/public/blog/</link><pubDate>Tue, 06 Oct 2020 08:49:55 +0000</pubDate><guid>http://oneiota.online/test/public/blog/</guid><description/></item><item><title>Educator</title><link>http://oneiota.online/test/public/docs/</link><pubDate>Tue, 06 Oct 2020 08:48:23 +0000</pubDate><guid>http://oneiota.online/test/public/docs/</guid><description/></item><item><title>Student</title><link>http://oneiota.online/test/public/student/</link><pubDate>Tue, 06 Oct 2020 08:48:23 +0000</pubDate><guid>http://oneiota.online/test/public/student/</guid><description/></item></channel></rss>