<?xml version="1.0" encoding="utf-8" standalone="yes"?><rss version="2.0" xmlns:atom="http://www.w3.org/2005/Atom"><channel><title>Student on Connect Help</title><link>http://oneiota.online/test/public/student/</link><description>Recent content in Student on Connect Help</description><generator>Hugo -- gohugo.io</generator><language>en-us</language><lastBuildDate>Tue, 06 Oct 2020 08:48:23 +0000</lastBuildDate><atom:link href="http://oneiota.online/test/public/student/index.xml" rel="self" type="application/rss+xml"/></channel></rss>