<?xml version="1.0" encoding="utf-8" standalone="yes"?><rss version="2.0" xmlns:atom="http://www.w3.org/2005/Atom"><channel><title>performance on Connect Help</title><link>http://oneiota.online/test/public/tags/performance/</link><description>Recent content in performance on Connect Help</description><generator>Hugo -- gohugo.io</generator><language>en-us</language><lastBuildDate>Wed, 04 Nov 2020 09:19:42 +0100</lastBuildDate><atom:link href="http://oneiota.online/test/public/tags/performance/index.xml" rel="self" type="application/rss+xml"/><item><title>Say hello to Doks 👋</title><link>http://oneiota.online/test/public/blog/say-hello-to-doks/</link><pubDate>Wed, 04 Nov 2020 09:19:42 +0100</pubDate><guid>http://oneiota.online/test/public/blog/say-hello-to-doks/</guid><description>Introducing Doks, a Hugo theme helping you build modern documentation websites that are secure, fast, and SEO-ready — by default.</description></item></channel></rss>