<?xml version="1.0" encoding="utf-8" standalone="yes"?><rss version="2.0" xmlns:atom="http://www.w3.org/2005/Atom"><channel><title>Contributors on Connect Help</title><link>http://oneiota.online/test/public/contributors/</link><description>Recent content in Contributors on Connect Help</description><generator>Hugo -- gohugo.io</generator><language>en-us</language><lastBuildDate>Tue, 06 Oct 2020 08:50:29 +0000</lastBuildDate><atom:link href="http://oneiota.online/test/public/contributors/index.xml" rel="self" type="application/rss+xml"/><item><title>Henk Verlinde</title><link>http://oneiota.online/test/public/contributors/henk-verlinde/</link><pubDate>Tue, 06 Oct 2020 08:50:45 +0000</pubDate><guid>http://oneiota.online/test/public/contributors/henk-verlinde/</guid><description>Creator of Hyas.
@HenkVerlinde</description></item></channel></rss>