<?xml version="1.0" encoding="utf-8" standalone="yes"?><rss version="2.0" xmlns:atom="http://www.w3.org/2005/Atom"><channel><title>Assess and Grade on Connect Help</title><link>http://oneiota.online/test/public/docs/assess_grade/</link><description>Recent content in Assess and Grade on Connect Help</description><generator>Hugo -- gohugo.io</generator><language>en-us</language><lastBuildDate>Tue, 06 Oct 2020 08:48:45 +0000</lastBuildDate><atom:link href="http://oneiota.online/test/public/docs/assess_grade/index.xml" rel="self" type="application/rss+xml"/><item><title>Gradebook basics</title><link>http://oneiota.online/test/public/docs/assess_grade/gradebook_basics/</link><pubDate>Tue, 06 Oct 2020 08:48:57 +0000</pubDate><guid>http://oneiota.online/test/public/docs/assess_grade/gradebook_basics/</guid><description>A grade book contains your grading system, grade calculations, grade scheme, grade items, and view and display options. Grade items in your grade book represent all the work that you want to evaluate users on in a unit. You can evaluate specific tasks such as assignments, tests, and participation, and you can also create grade items and associate them with unit objects such as Dropbox and Quizzes.
You must set up a grade book before you can use the Grades tool.</description></item><item><title>Create a grading system</title><link>http://oneiota.online/test/public/docs/assess_grade/creating_gradebook/</link><pubDate>Tue, 06 Oct 2020 08:48:57 +0000</pubDate><guid>http://oneiota.online/test/public/docs/assess_grade/creating_gradebook/</guid><description>As an educator, can configure your grade book settings in Connect. You can select how grades display to students, how they update in the grade book, and how you want to deal with ungraded items. You can create grade items for projects, assignments, discussions, quizzes, etc. to include in your grade book, and even associate them with other tools (e.g. Assignments, Quizzes, Discussions).
Typically, units in Connect are created with the grade book settings, grade items, and associations already configured by an assembler or learning designer.</description></item></channel></rss>