<?xml version="1.0" encoding="utf-8" standalone="yes"?><rss version="2.0" xmlns:atom="http://www.w3.org/2005/Atom"><channel><title>Tags on Connect Help</title><link>http://oneiota.online/test/public/tags/</link><description>Recent content in Tags on Connect Help</description><generator>Hugo -- gohugo.io</generator><language>en-us</language><lastBuildDate>Wed, 04 Nov 2020 09:19:42 +0100</lastBuildDate><atom:link href="http://oneiota.online/test/public/tags/index.xml" rel="self" type="application/rss+xml"/><item><title>performance</title><link>http://oneiota.online/test/public/tags/performance/</link><pubDate>Wed, 04 Nov 2020 09:19:42 +0100</pubDate><guid>http://oneiota.online/test/public/tags/performance/</guid><description/></item><item><title>security</title><link>http://oneiota.online/test/public/tags/security/</link><pubDate>Wed, 04 Nov 2020 09:19:42 +0100</pubDate><guid>http://oneiota.online/test/public/tags/security/</guid><description/></item><item><title>SEO</title><link>http://oneiota.online/test/public/tags/seo/</link><pubDate>Wed, 04 Nov 2020 09:19:42 +0100</pubDate><guid>http://oneiota.online/test/public/tags/seo/</guid><description/></item></channel></rss>