<?xml version="1.0" encoding="utf-8" standalone="yes"?><rss version="2.0" xmlns:atom="http://www.w3.org/2005/Atom"><channel><title>Categories on Connect Help</title><link>http://oneiota.online/test/public/categories/</link><description>Recent content in Categories on Connect Help</description><generator>Hugo -- gohugo.io</generator><language>en-us</language><lastBuildDate>Wed, 04 Nov 2020 09:19:42 +0100</lastBuildDate><atom:link href="http://oneiota.online/test/public/categories/index.xml" rel="self" type="application/rss+xml"/><item><title>News</title><link>http://oneiota.online/test/public/categories/news/</link><pubDate>Wed, 04 Nov 2020 09:19:42 +0100</pubDate><guid>http://oneiota.online/test/public/categories/news/</guid><description/></item></channel></rss>